name,author,price,words,description,sample,language,category
Mga Lihim ng Gabi,Arielle Alia,3 49,"55,140.00","""From Words to Wealth: A Guide to Making an Income By Creating eBooks"" is not just a bookâ€”it's a mentor, guiding you through each phase of eBook creation, publication, and promotion.",0,Tagalog(Filipino).,Â» Billionaires
A Bad Ãˆclair Day,Susan Kiernan-Lewis,4 99,"63,440.00","""From Words to Wealth: A Guide to Making an Income By Creating eBooks"" is not just a bookâ€”it's a mentor, guiding you through each phase of eBook creation, publication, and promotion.",0,English.,Â» Amateur sleuth
Fugitive's Curvy Bride (A Steamy Alpha BBW Virgin Romance),Amber Branley,2 99,"9,960.00","""From Words to Wealth: A Guide to Making an Income By Creating eBooks"" is not just a bookâ€”it's a mentor, guiding you through each phase of eBook creation, publication, and promotion.",0,English.,Â» New adult
Des FrÃ¨res en Uniforme : Marc,Jeanne St. James,3 99,"84,290.00","""From Words to Wealth: A Guide to Making an Income By Creating eBooks"" is not just a bookâ€”it's a mentor, guiding you through each phase of eBook creation, publication, and promotion.",0,French.,Â» Police & Law Enforcement
Death by Pot Luck,Joanne Reid,0 99,"14,060.00","""From Words to Wealth: A Guide to Making an Income By Creating eBooks"" is not just a bookâ€”it's a mentor, guiding you through each phase of eBook creation, publication, and promotion.",0,English.,Â» Amateur sleuth
Samson,JR Strange,0 99,"4,350.00","""From Words to Wealth: A Guide to Making an Income By Creating eBooks"" is not just a bookâ€”it's a mentor, guiding you through each phase of eBook creation, publication, and promotion.",0,English.,Â» Christian Education / Children & Youth
All Body Bags and No Knickers,Shawe Ruckus,1 99,"80,680.00","""From Words to Wealth: A Guide to Making an Income By Creating eBooks"" is not just a bookâ€”it's a mentor, guiding you through each phase of eBook creation, publication, and promotion.",0,English.,Â» International crime
The Bully Cloud,Jay Kidd,0 99,110,"""From Words to Wealth: A Guide to Making an Income By Creating eBooks"" is not just a bookâ€”it's a mentor, guiding you through each phase of eBook creation, publication, and promotion.",0,English.,Â» Nursery Rhymes
The Scared Pirate Boy,Jay Kidd,1 99,80,"""From Words to Wealth: A Guide to Making an Income By Creating eBooks"" is not just a bookâ€”it's a mentor, guiding you through each phase of eBook creation, publication, and promotion.",0,English.,Â» Nursery Rhymes
"Not Many Fathers, why Othniel became a Judge",Robert J Cottle,5 75,"100,920.00","""From Words to Wealth: A Guide to Making an Income By Creating eBooks"" is not just a bookâ€”it's a mentor, guiding you through each phase of eBook creation, publication, and promotion.",0,English.,Â» General
"Islam: Threat to West, Capitalism and Corporations",Ahmed ElObeidy,24 990 ,"142,720.00","""From Words to Wealth: A Guide to Making an Income By Creating eBooks"" is not just a bookâ€”it's a mentor, guiding you through each phase of eBook creation, publication, and promotion.",0,English.,Â» Christian studies
Old Sins,Brooke Brennan,2 99,"57,770.00","""From Words to Wealth: A Guide to Making an Income By Creating eBooks"" is not just a bookâ€”it's a mentor, guiding you through each phase of eBook creation, publication, and promotion.",0,English.,Â» General
Whispers Among the Wicks,Harrow J.T.,2 990 ,"9,850.00","""From Words to Wealth: A Guide to Making an Income By Creating eBooks"" is not just a bookâ€”it's a mentor, guiding you through each phase of eBook creation, publication, and promotion.",0,English.,Â» Supernatural
Swipe Left for Love,Lynn Stevens,3 990 ,"71,980.00","""From Words to Wealth: A Guide to Making an Income By Creating eBooks"" is not just a bookâ€”it's a mentor, guiding you through each phase of eBook creation, publication, and promotion.",0,English.,Â» Workplace
Old Shadows,Brooke Brennan,0,"49,960.00","""From Words to Wealth: A Guide to Making an Income By Creating eBooks"" is not just a bookâ€”it's a mentor, guiding you through each phase of eBook creation, publication, and promotion.",0,English.,Â» General
Chocolate to Die For,Joanne Reid,0 990 ,"20,270.00","""From Words to Wealth: A Guide to Making an Income By Creating eBooks"" is not just a bookâ€”it's a mentor, guiding you through each phase of eBook creation, publication, and promotion.",0,English.,Â» Amateur sleuth
Campers Corner: The Ultimate Outdoors Collection,Campers Corner,9 990 ,"56,050.00","""From Words to Wealth: A Guide to Making an Income By Creating eBooks"" is not just a bookâ€”it's a mentor, guiding you through each phase of eBook creation, publication, and promotion.",0,English.,Â» Nature
The Real Deal: Boxing's Ultimate Warrior,Lea Worrall,4 990 ,"70,950.00","""From Words to Wealth: A Guide to Making an Income By Creating eBooks"" is not just a bookâ€”it's a mentor, guiding you through each phase of eBook creation, publication, and promotion.",0,English.,Â» Boxing
"Reiki for Beginners + Chakras for Beginners + Third Eye Awakening: The Expanded Edition of 3 books to Improve Your Health, Learning Effective Mediation Techniques and Yoga Poses, Balancing Energy",Julia Crystal,3 990 ,"100,180.00","""From Words to Wealth: A Guide to Making an Income By Creating eBooks"" is not just a bookâ€”it's a mentor, guiding you through each phase of eBook creation, publication, and promotion.",0,English.,"Â» Healing / energy (qigong, reiki, polarity)"
From Words to Wealth: A Guide to Making an Income By Creating eBooks,Cary Ganz,4 950 ,"22,050.00","""From Words to Wealth: A Guide to Making an Income By Creating eBooks"" is not just a bookâ€”it's a mentor, guiding you through each phase of eBook creation, publication, and promotion.",0,English.,Â» Book printing & binding
Mga Lihim ng Gabi,Arielle Alia,3 490 ,"55,140.00","""From Words to Wealth: A Guide to Making an Income By Creating eBooks"" is not just a bookâ€”it's a mentor, guiding you through each phase of eBook creation, publication, and promotion.",0,Tagalog(Filipino).,Â» Billionaires
